line,id_point,distance_origin,name_station,elevation,noise,housing_price,census_share_0_18,census_share_18_39,census_share_40_64,census_share_65_100,census_built_a1990,census_built_b1945,census_density,census_income,census_share_poor,census_share_social,city_fiber,city_heritage,city_toilets,city_trees,city_velib,poi_bakery,poi_bank,poi_bar,poi_cafe,poi_clothes,poi_fastfood,poi_hairdresser,poi_hotel,poi_jeweller,poi_kindergarten,poi_nightclub,poi_pharmacy,poi_playground,poi_police,poi_pub,poi_restaurant,poi_school,poi_supermarket,poi_crossing,poi_parking,poi_lamp,historical_rentiers_1829,historical_rentiers_1840,historical_rentiers_1854,historical_rentiers_1885,historical_clothing_1829,historical_clothing_1840,historical_clothing_1854,historical_clothing_1885,historical_food_1829,historical_food_1840,historical_food_1854,historical_food_1885,historical_furniture_1829,historical_furniture_1840,historical_furniture_1854,historical_furniture_1885,historical_luxury_1829,historical_luxury_1840,historical_luxury_1854,historical_luxury_1885
M14,0,0,Olympiades,55.1914383821,48.660713,10720.0740017,.178248,.29319,.325358,.184839,.170902,.313826,253592,26316,.147114,.499581,675.564,12.37231,104642,17853900,82114,199114,92392.60000000001,15829.6,159793,57462.1,339121,192944,44405.4,0,47544.2,0,109251,119734,14873.2,0,386152,46261.6,117385,2063350,1154420,140019,0,0,0,25493.7,0,0,140993,648427,301.819,10752.2,81930.5,1753220,254.255,0,189000,74687.3,0,0,0,83469.8
M14,1,100,,54.9690307257,48.728813,10028.5353104,.177712,.296782,.325725,.179758,.181433,.322201,255349,27173.4,.144082,.467644,785.05,12.58716,86828,14931900,79715.39999999999,274616,91212,22444.8,198053,59189.4,360600,299734,79236.3,0,44730.7,0,137086,74869.60000000001,2100.74,0,569586,62378.7,154718,2179470,1092470,176604,0,0,0,6839.97,1285.52,1449.84,52843.4,315496,0,9866.67,35048.6,1325130,137.927,0,65124.1,28191.5,0,0,0,24795.8
M14,2,200,,53.471674164,50.537636,9700.41845703,.180859,.306945,.328222,.166657,.233572,.337548,260027,27548.1,.143505,.470813,823.985,12.037705,52945.7,10579000,72462.10000000001,329992,89371.5,28097.4,228793,64339.9,376118,419137,102439,0,39823.5,4081.6,143849,23908,0,556.292,829212,95291.89999999999,148256,2065400,1205220,217018,0,0,0,3.32512,1912.38,2358.52,1029.1,138435,0,6265.09,12010.3,1090290,0,0,364.489,1822.28,0,0,0,179.102
M14,3,300,,50.5055421242,50.675674,9908.594921870001,.195578,.30784,.331978,.15074,.318164,.320049,266680,27702.3,.137546,.482801,789.783,12.48127,28183.6,8410150,73433.8,338819,93097.10000000001,33680.3,223099,71824,387225,440252,107509,0,34388.4,13682.3,113497,4593.13,0,7325.65,973550,109815,116446,1918800,1429680,250044,0,0,0,0,52.57,65.8734,0,126336,0,211.015,7926.43,1128080,0,0,0,106.71,0,0,0,4207.59
M14,4,400,,47.6116660672,51.197918,10011.1594727,.207294,.310786,.337035,.135553,.383124,.30577,276507,27726.2,.127858,.498815,708.684,12.41796,38697.4,10140100,81873.2,286701,98921.89999999999,40031.6,203095,78176.2,396624,352518,103355,0,29749.4,14740.4,73675.3,1847.8,0,11297.4,1007620,106845,80318.10000000001,1718660,1657650,266514,0,0,0,0,0,0,0,168929,0,0,1220.32,1203060,0,0,0,1298.19,0,0,0,18996.5
M14,5,500,,44.9697723086,51.466667,10270.1446398,.231423,.313037,.342053,.119631,.478137,.268782,286665,27429.5,.135186,.5099089999999999,590.528,10.7025,72260.10000000001,13844400,91116.3,189191,102111,46242.1,183222,81628,393754,210713,86172.39999999999,0,25692.2,9049.969999999999,47616,105.933,0,18934.9,951690,82623.3,54902.5,1716580,1972950,270062,0,0,0,0,0,0,0,217596,0,0,0,1177210,0,0,0,1035.54,0,0,0,31816.2
M14,6,600,,40.8335842717,53.835617,10418.8919613,.244227,.304904,.348931,.100636,.644503,.195169,296832,27976.1,.12358,.54531,453.638,7.9974399,104264,17309300,105529,103173,102258,50400.1,181465,81463.89999999999,375316,84609.10000000001,56449.6,0,22677.1,1490.59,48125.9,7090.14,207.709,31422.1,791218,45882.5,57323.4,2036910,2255660,266710,0,0,0,0,0,0,0,236511,0,0,0,1041530,0,0,0,69.3026,0,0,0,35293.1
M14,7,700,Bibliothèque François Mitterrand,42.6023790942,57.57143,10715.1292969,.254375,.297023,.360071,.0971782,.684532,.154085,303243,27913,.126111,.591773,321.62,5.7197599,128486,19798400,114397,54464.4,99427.8,51753.1,207222,78040.3,342381,12810.4,36465.5,0,19898.5,0,62185.9,24679.7,500.199,43136.6,601740,21784.8,75357.10000000001,2509210,2296510,264486,0,0,0,.0124675,0,0,0,204947,0,0,0,819920,0,0,0,0,0,0,0,27696.5
M14,8,800,,42.4712223625,53.333332,11021.7861816,.270132,.286845,.372189,.0886666,.7977070000000001,.100538,313551,28783.7,.125066,.669677,222.18,3.9027901,130547,21048800,116958,39784.5,94545.5,50126.5,213006,71254.89999999999,294214,.0131506,21891,0,17425,0,66296.7,40193.7,86.3049,45462.5,474058,15383.7,84393.39999999999,2943890,2145580,260930,0,0,0,0,0,0,0,120718,0,0,0,487519,0,0,0,0,0,0,0,12544
M14,9,900,,38.1084884015,52.777779,11457.2044434,.267728,.293379,.381926,.0853473,.874111,.0567826,313079,30376.9,.12783,.643872,157.648,2.49037,100285,20228100,107215,38532.1,90325.3,45819.4,184334,63419.9,238295,0,7855.89,0,15716.7,15.6165,52083.2,47089.1,0,34669.6,375909,7420.37,78902.5,2889200,1712910,249431,0,0,0,0,0,0,0,33898,0,0,486.505,146567,0,0,0,0,0,0,0,755.43
M14,10,1000,,34.7923926237,55.648148,11368.5867513,.258437,.290373,.387576,.0893507,.880036,.0518973,316134,30457,.135216,.6817879999999999,111.628,1.327716,67323.60000000001,18655000,82930.10000000001,39042,86164.7,40272.3,150742,59779,195493,0,3310.25,0,14016.9,0,30677.8,38858,0,16022.7,318350,501.804,52159.5,2346560,1134890,227931,0,0,0,0,1370.55,0,0,725.889,0,0,21211.1,2090.79,0,0,0,0,0,0,0,0
M14,11,1100,,30.5130924374,62.608696,11006.3405273,.25858,.286015,.383735,.0874685,.926411,.0424179,318347,30794.3,.126948,.706043,82.1478,.47307739,53769.1,20551600,49903.8,42420.9,79068.2,35577.8,104256,62857,169467,0,282.979,0,11510.2,0,11264.9,18309.6,0,805.8869999999999,272862,0,17706.1,1698780,709602,197999,0,0,4823.03,0,16545.3,0,0,0,0,0,130628,0,0,0,0,0,0,0,0,0
M14,12,1200,,28.7608137565,64.333336,10766.4538446,.258472,.286042,.376478,.0875258,.926278,.0425511,318487,30535.3,.126727,.705804,67.55249999999999,.50851202,39165.2,25545300,20506.5,33500,67979.3,32589.8,65832.2,68377.60000000001,152976,0,269.512,4493.15,8779.83,0,1042.3,1523.26,0,2669.37,185315,0,8668.52,1139540,470245,157960,0,5344.21,23170.1,0,37644.6,0,0,0,0,0,295575,0,0,0,0,.0109646,0,0,0,0
M14,13,1300,,31.7821889806,65.75,10544.3182052,.256473,.288475,.37271,.0900477,.888968,.0210643,314121,30966.3,.103775,.652829,61.8089,1.539569,31041.3,29888100,37470.9,29762.9,53916.9,29167.4,68526.5,73334,139500,11.7756,30788,23830.7,6457.82,0,5046.76,8518.24,0,20805.1,222851,0,29126.2,792244,325608,111382,0,20937.3,39290.4,0,59399.3,0,0,0,129.251,331.067,405690,0,0,0,205.447,4909.22,0,0,0,0
M14,14,1400,,32.8159452634,52.75,10240.1637695,.241599,.290378,.374674,.102864,.826923,.0485307,308043,30360.2,.104476,.617557,66.5074,3.0127339,18146,30464900,89299.3,55245.8,39570.1,25730,101893,79038.60000000001,130862,8202.98,93480.39999999999,41788.3,4543.17,0,7659.78,27294.6,0,39594.5,459981,1528.21,44338.8,875499,346624,67897.5,0,30601.5,41428.7,0,64885.4,0,0,0,2315.65,2107.36,415524,0,0,0,808.174,17721,0,0,0,0
M14,15,1500,,32.8670589525,47.027027,9528.2503418,.219252,.312613,.373976,.111978,.7417550000000001,.131296,309699,30174.9,.109728,.521695,89.6228,4.8652859,4957.15,27720200,133222,90655,31448.7,25416.6,125541,85971.89999999999,126335,27711.1,140411,46720.3,2396.13,0,14241.8,41715.8,0,46683.9,705289,16706,44903.7,1126760,496635,37677.4,0,25057.4,28286.1,0,45515.6,0,0,0,4293.49,4104.32,303564,0,0,0,1506.16,28915.9,0,0,0,0
M14,16,1600,Cour Saint-Émilion,33.6710407401,47.708332,9061.76326976,.195677,.338257,.361877,.126599,.618534,.228748,316621,31129.9,.104175,.370577,134.083,6.7452898,174.3,22720300,139841,106100,31890.3,29643,122694,91704.8,123958,40846.5,142038,38535.5,749.722,0,26913,45740.7,0,41375,803286,33209.5,33647.7,1248670,578917,22170,0,10505,10787.4,0,17774.2,0,0,0,6091.04,6158.33,172120,0,0,0,2157.54,34629.5,0,0,0,0
M14,17,1700,,34.5396163917,51.415092,9110.039333770001,.181003,.356616,.345305,.136024,.50675,.313095,316894,31179.3,.107408,.328301,194.817,8.5083504,.101541,15828200,111522,98071.89999999999,34390.2,36795.1,101915,94626.7,121971,44054.4,111183,23303.6,27.5224,0,35844.5,39683.8,0,27623,717468,41829.4,17099,1155850,544711,14477.5,0,502.224,487.233,75.3272,2798.99,403.139,0,1937.26,5753.33,5696.71,89323.10000000001,5701.38,0,0,1764.25,33341.2,0,11.8372,0,425.862
M14,18,1800,,36.0885087798,52.023811,9191.7972168,.181812,.354508,.331487,.143049,.367365,.38218,326813,29899.6,.10917,.333437,278.665,11.257071,1900.81,12133800,77723.7,87387,37873.9,45893.3,97204.60000000001,94905.39999999999,123763,44518.2,72444.10000000001,14857.1,17.4327,0,48159.3,30357.6,0,16049.7,602709,37605.5,8941.190000000001,1044530,502832,17672.6,0,0,0,10473.2,4084.9,6843.95,1.34506,62836.6,7952.17,7756.72,144988,182246,.123585,25.1478,2866.49,49819.6,75.77460000000001,1620.43,898.833,13295.1
M14,19,1900,,34.9274172408,54.814816,9199.278937090001,.183086,.352033,.322223,.144531,.3331,.38457,336583,29865.3,.113545,.324923,320.203,12.35545,4595.73,13237200,67546.5,77928.60000000001,37610.4,47720.9,113801,91883.89999999999,132782,36255.7,53831.6,12460.5,163.474,0,63166.3,27652.2,361.02,12041.5,577871,23382.3,8095.02,1012770,544895,37097.6,0,0,0,17020.4,16440.2,4142.45,742.463,58359.4,21582.8,21473.7,393709,152080,0,0,14811.2,53034.9,0,1.05981,0,10291.3
M14,20,2000,,35.0367230431,53.47826,9177.58438649,.185846,.348225,.325973,.138577,.39666,.365287,339366,30763,.105143,.375658,313.077,10.13551,874.047,17039100,63171.8,54643.9,34282.7,42708.3,123928,83021.39999999999,143288,11785,34495.5,7132.02,176.593,0,69743.39999999999,23767.1,98.861,10817.5,519698,6856.13,4040.86,982426,582340,72827.89999999999,0,0,0,7300.27,36066.5,0,249.362,5227.38,39870.9,39652.6,713494,25706.6,0,0,34664.7,42081.9,0,0,0,102.305
M14,21,2100,,35.390079297,52.897728,9209.879882810001,.189781,.34254,.33141,.136385,.420826,.341645,355291,30626.7,.105046,.403566,296.377,6.9493999,7683.57,21301400,62016.4,24598.8,29605.6,38235.9,118953,68914.3,148438,75.8998,13816.1,2395.97,84.1264,0,62143,11741.9,0,4731.44,367441,18.3656,1502.25,1005720,572068,113907,0,0,0,321.234,46614.7,0,0,0,46784.4,46836.4,957492,21892.4,0,0,46134,30315.6,0,0,0,0
M14,22,2200,,34.7130527398,53.768116,9445.65429688,.196556,.332158,.336504,.132733,.471833,.293511,364871,30591.4,.0996391,.468751,266.729,4.3347802,11079,23301200,68160.2,2967.25,25349.2,35235.6,86114.60000000001,52125.1,144845,1539.82,23203.4,8.099,57.7879,0,42944.9,770.9589999999999,0,63.8274,347358,0,0,1071700,542473,150421,0,0,0,0,42388.2,0,0,0,39003.5,39284.2,1031790,38566.6,0,0,43272.2,12392.5,0,0,0,0
M14,23,2300,,34.8579868401,54.054054,9636.967601099999,.197058,.332559,.334214,.134205,.455866,.291716,374823,30628.4,.0971488,.463957,226.58,2.294471,5195.7,22220500,77101.89999999999,8908.1,22484.3,35120.1,71765.3,36298.7,137198,13910.3,56254.4,0,171.233,0,26009.1,0,0,0,478215,0,0,1094920,522195,182726,0,0,0,0,28611.2,0,0,0,23589.2,23565.3,891406,46522.3,0,.327817,30421.8,765.628,0,0,0,0
M14,24,2400,,34.7193875527,51.603775,9624.476806639999,.197258,.330409,.336727,.135522,.461768,.285123,391151,30528,.0977245,.471353,177.404,1.25476,4129.35,21005200,89781.7,26096,20726.3,35978.9,88506.10000000001,23854,128389,29369.9,83046.8,0,356.046,0,9076.18,0,0,0,611093,0,0,1123680,471191,227818,0,0,0,0,11523.7,0,0,0,7067.5,7002.38,702092,48079.7,0,8523.809999999999,13071.5,0,0,0,0,0
M14,25,2500,,33.7369246934,50.471699,9650.314165899999,.195315,.333711,.337008,.137131,.424489,.301263,397678,30240.9,.102545,.417452,130.16,2.8934219,18011.2,19062100,93586.5,41172.4,20573.4,37695,101714,17762.1,122365,39189.5,90722.89999999999,0,449.474,0,183.5,0,0,0,641114,0,0,1081430,412463,303087,0,0,0,0,634.8680000000001,0,0,0,28.1628,.319917,671492,57411.1,0,36570,930.856,0,0,153.003,0,0
M14,26,2600,Bercy,33.6617858439,50.322582,9245.01552734,.197596,.331821,.331905,.141249,.352671,.369418,407836,30431.3,.0932117,.375151,100.23,5.6316943,33374.3,16457900,83564.89999999999,46821.6,22681,40512.1,97019.2,18895.1,121356,38789.1,76427.8,0,369.691,0,0,0,26.1213,0,525108,0,49.3968,906835,342114,404667,0,0,0,0,0,0,0,.217183,0,0,761239,71805.10000000001,0,67058.10000000001,0,0,0,9790.629999999999,0,0
M14,27,2700,,33.8325727045,52.64706,9062.522518379999,.192567,.332193,.329156,.148567,.33129,.433079,420491,30379.9,.0995232,.302664,93.4128,7.9013886,41584.1,13129100,80655.60000000001,41373.3,30332.6,43071.2,80345.60000000001,21681.5,130037,33345.5,45837.1,0,189.024,0,0,0,204.337,0,334356,1321.31,534.49,752201,290471,508748,0,0,0,0,0,0,0,21.3525,0,26.899,808453,81472.7,0,82225.10000000001,0,0,0,27442.2,0,0
M14,28,2800,,34.3323375523,51.23457,8777.72954102,.185071,.338724,.322314,.156991,.23629,.5587029999999999,428183,31372.4,.102971,.238789,91.51300000000001,9.1450701,45267,10344800,88492.39999999999,34843.1,43159.9,47497,50244.3,23799.7,153958,34220.4,13652,4.83845,25.0058,0,2064.54,2807.62,212.973,0,153733,29665.6,11573,690371,303125,596067,0,0,0,132.864,0,0,5229.62,0,0,8828.67,770056,110257,0,77803,0,21.8764,0,42233.5,0,0
M14,29,2900,,34.4816770508,49.727272,8782.96704102,.175312,.336034,.321501,.166931,.197715,.63889,435434,32257.5,.106785,.229699,91.167,10.5214,46667.7,9379470,83877.2,33244.1,60253.7,54688.2,16018.4,26751.4,188962,41014.7,2724.4,124.322,0,0,13213.8,25878.6,0,1.94182,122806,84697.8,27657.2,618679,358443,652489,0,0,0,874.7619999999999,0,0,18936.1,0,460.384,39277.8,613955,162323,0,66674,0,1098.09,0,46575.2,0,0
M14,30,3000,,34.7987969033,50.68182,9139.114095049999,.172895,.339847,.318674,.166725,.191262,.650463,439924,33393,.107449,.213325,93.9768,12.274108,48606.6,9051050,61383.6,41416.9,78641.2,62587.7,15343.2,30777.5,227408,49066,29554.4,119.963,0,0,32156.1,52998.4,0,4826.12,190958,138334,40629.1,504496,433726,670246,0,950.052,0,450.128,0,86.5325,30720.8,190.597,9598.91,72827,370949,204439,0,76156.7,139.523,975.908,0,39160.4,3803.32,0
M14,31,3100,,36.0136818303,51.688313,9517.38310547,.169742,.341695,.315024,.169767,.17434,.726272,442389,34025,.115277,.199065,113.05,15.36771,46993.4,8725980,52157.6,68033.7,94753.89999999999,70643,93053.2,34975.4,264632,51006.2,86102.3,5.88543,0,0,73794.2,60890.7,0,15428.8,285518,155583,46679.6,717906,518114,649337,0,11790.3,0,6867.6,0,1570.66,34217.3,8528.76,21797.6,99000.3,248080,251158,0,107556,8134.25,109.728,0,22594.3,19002.4,0
M14,32,3200,,35.9182326897,50.094341,9504.12114515,.171012,.336359,.315281,.171868,.174976,.727492,450326,34750.3,.115986,.195563,169.922,19.98781,36279.5,8658450,65791.7,100168,106549,77746.60000000001,228764,40541.9,295222,63264.5,173576,987.276,0,0,122599,44471.7,0,20883.5,440013,124244,38691.7,1331620,614632,598660,0,25702.3,0,43054.9,0,4294.3,29987.7,42444.2,28564.2,103144,294022,307405,0,130428,40997.7,690.817,0,5330.18,32450,0
M14,33,3300,Gare de Lyon,35.2824446275,47.391304,10260.6659582,.171008,.336359,.31279,.171922,.174976,.727492,451716,35528.1,.115986,.195468,273.951,25.214071,24032.4,8676290,95353.3,133497,112629,84117.3,365488,50356,313276,73758.60000000001,341699,8895.82,0,479.11,153605,14781.1,0,15928.5,634433,66177.2,18821.9,2091070,712296,520744,0,33171,0,91130.3,0,15326.6,34206.4,114786,38678.8,103713,378231,383428,0,114182,84654.5,1769.31,0,1.31465,38354.5,0
M14,34,3400,,35.0993356071,53.636364,10752.5236328,.170237,.33552,.313036,.170648,.172864,.741065,459005,36244.1,.115377,.187211,418.332,28.888401,37905.9,9392100,125602,164330,114327,90291.10000000001,469419,68429.89999999999,323105,110301,606056,20388.2,0,668.884,167972,428.631,0,7722.71,878168,16986.5,4929.07,2858640,838856,432807,0,29087.4,998.177,133006,.223619,33863.6,59538,190173,63057.3,120908,527527,549725,0,64546.3,105332,6453.79,0,1412.34,42606.2,1586.73
M14,35,3500,,33.7849258306,53.333332,11299.8817845,.166582,.336478,.313564,.169045,.153286,.786785,466866,36807.9,.114125,.165538,574.178,29.0366,61260.3,10644500,131379,193341,112933,99885.60000000001,525692,96470.39999999999,327999,160614,824072,29683.6,0,85.9554,177730,0,0,1646.36,1112210,407.01,13748.8,3384780,969910,344709,0,16537.8,26248.3,222847,4794.13,62429.4,132334,284670,114362,194418,827116,1157680,0,14956.2,106500,27883.9,5.30747,8068.57,66289.89999999999,11637.7
M14,36,3600,,33.1179071296,51.923077,11674.6307129,.168038,.333484,.312386,.172598,.162692,.768948,465720,37341.8,.1094,.145779,652.336,23.9872,90979.39999999999,11990100,120217,181806,104205,104940,476788,108811,311352,173766,847474,28266.5,0,0,153324,2795.81,0,464.011,1060430,0,22203.1,3373040,1050350,239705,0,4274.01,78839.89999999999,321294,22375.5,98989.39999999999,197178,455945,244681,391360,1354880,2459600,0,6111.41,117017,72044,6961.73,18246.7,71332.3,32114.7
M14,37,3700,,33.6616683439,57.424244,11016.1766602,.168033,.333484,.315368,.172596,.162692,.768948,473250,37218.5,.1094,.145755,634.26,15.55039,112502,13786900,108851,129282,90371.89999999999,98739.39999999999,339614,100411,271337,149524,604415,15119.7,0,0,95615.89999999999,34718.2,0,6052.33,743079,0,18575.7,2861600,1118310,152945,0,11.4469,120694,333267,41896.1,134894,230234,585761,348736,595080,1739650,3460740,0,24044,120435,138182,15288.7,31717.4,50915.2,52918.5
M14,38,3800,,34.5713689002,61.80851,11434.7960526,.166827,.339617,.309232,.174486,.151946,.779273,471842,37301.8,.109623,.126774,563.8,8.0671301,128180,16301000,105108,85989.60000000001,76653.89999999999,87746.39999999999,218964,87174.8,221806,93084.60000000001,294624,1945.97,0,0,51129.9,71882.10000000001,907.853,23286.7,449794,0,9118.52,2386240,1180980,109585,340.081,0,130292,267425,48844,148326,227813,588873,352164,657151,1765510,3533990,3.13513,39949.3,116818,171348,13831.3,42280.4,40555.9,56247.5
M14,39,3900,,33.4933735409,64.800003,12832.8932463,.16215,.341424,.312587,.178885,.138751,.800741,476010,37733.4,.112779,.100065,467.213,4.6635399,134630,18942700,107750,62026,66522.5,78048,133593,81351.39999999999,173407,39137.8,90852.8,0,198.462,0,17720.9,88221,5678.03,42038.7,285292,0,714.551,2143940,1130080,97921.89999999999,19978.5,4539.64,105111,193562,52376.8,132713,195446,503647,271385,547127,1484000,2851620,1108.35,71492.10000000001,121662,160138,6361.29,46084,44595.8,45216.1
M14,40,4000,,34.1202795425,59.390244,13922.2141242,.158972,.338692,.317415,.182764,.141734,.801956,483291,37448,.113988,.104441,387.193,7.9060998,125723,20675800,110446,52414.5,64447.5,76575.8,78905.60000000001,99534.60000000001,140760,9913.73,27491.9,0,1322.22,0,3814.66,83444.7,11382.8,51761.2,257828,27.7103,541.015,2008090,1013890,84475.60000000001,58447,22465.5,62364.7,126393,57251.5,107946,141539,358392,196591,389089,1040000,1859220,12931.1,128043,119547,132208,6151.64,38743.5,38570.1,31194.7
M14,41,4100,,36.2971241339,57.628204,13158.0812988,.159142,.336174,.318676,.185948,.140653,.766561,484895,36718.8,.117889,.129291,336.216,15.849071,102869,21000500,105948,45252.1,67028.8,77289.2,65418.5,141187,117298,20825.3,30464.2,0,3112.14,0,10198.6,57788.5,13440.7,49054.7,276935,8196.84,7500.95,2015770,922037,70701.39999999999,93251.7,46224.7,22164.7,68642.5,61976,78112.5,99072,192821,144627,246504,589112,888892,35460.2,178815,123468,107671,17309.2,24577.3,30892.8,17766.9
M14,42,4200,,35.2885728862,57.348484,12042.8246813,.154737,.322273,.318079,.202457,.143644,.728388,483370,37778,.117375,.115204,332.832,39.838902,67494.39999999999,20123600,97555,42483.6,73057.39999999999,78862.60000000001,77824.39999999999,209990,101656,35216.5,53438.9,2.19572,5189.53,0,19805,21183.1,9750.43,38615.4,295235,32650.2,14750.8,2169850,867339,61784.3,108040,70141.89999999999,8030.55,41799.5,65880.7,54114.1,99236.5,90059.60000000001,121555,190772,427941,480526,50258.3,197384,121324,94035.5,25017.6,21583.7,41600.1,16595.8
M14,43,4300,,34.574052467,57.307693,12904.2915527,.150728,.308796,.321199,.214529,.149127,.7239,486581,38852.9,.118921,.109795,375.165,91.1922,35130.8,19225700,99268.39999999999,35069.2,82424.10000000001,81919.2,86716.8,316897,93216.8,37262.4,90763.10000000001,5888.22,7832.31,0,25795.4,789.586,3161.61,26359.1,338523,56449,20569.8,2331180,893151,56689.6,105200,123667,46718.8,42981,95214,81108.89999999999,191548,99127.10000000001,237517,409074,764152,752297,62129.2,269330,176299,94476.39999999999,26038.5,49952.7,86799.89999999999,40048.9
M14,44,4400,,34.2307134988,59.099998,14033.4649902,.14143,.305595,.323619,.223825,.130082,.735402,482154,39296.2,.130008,.126063,454.504,168.5401,18725.8,18479100,107722,31565.7,94441.5,87825.39999999999,106074,470032,95407.7,44763.6,132807,28564.3,10775.8,0,27375.8,0,0,13605.5,477574,65912.39999999999,26410.8,2565020,1039650,56557.4,102218,222721,170423,73799.10000000001,219036,235244,444400,263573,670774,994877,1602590,1534160,108175,499576,373085,166550,47986,98680.2,182191,113702
M14,45,4500,,32.6530221185,58.333332,14211.8093133,.142436,.296586,.328892,.225271,.153376,.715872,479047,39574.5,.133626,.157014,549.813,265.99399,33126.3,17810800,111419,38692,105454,97249.89999999999,143518,676810,107517,52166.6,163949,60923.2,13848.3,0,25940.4,0,0,7224.77,684158,57261.9,30833,2980070,1382950,65691.39999999999,118804,325265,326313,126650,410923,445432,753273,533058,1355150,1785730,2632820,2590650,196842,764362,598033,282919,105642,155855,306905,208593
M14,46,4600,,32.0610009554,59.03846,14351.9379112,.141952,.298419,.328707,.224031,.15222,.715778,482455,39283.6,.135171,.1584,642.4,360.15201,65929,16963300,105358,54665.8,114266,112515,196566,909423,123311,65841,181980,108819,16651.6,0,30661.2,0,0,10917.9,897580,35271.8,37958.5,3407990,1843310,88921.2,175169,419632,490974,191480,688834,732719,1209610,998644,2202780,2863920,4057870,3738440,353563,1069620,896500,447537,220895,226098,548153,275246
M14,47,4700,,32.6375085687,59.146343,15141.8924805,.138481,.298186,.331285,.225624,.147019,.725239,470434,39441.4,.140604,.166914,719.307,459.77499,91952.8,16328900,102840,81150,118213,133011,242381,1103030,135801,80284.89999999999,142192,146452,17793.3,0,50452.6,55.4771,0,22688.8,1027280,8220.059999999999,41920.8,3527170,2145310,132171,262634,534622,700881,279921,949745,1072280,1802770,1594300,2883630,3901230,5290800,4489560,516421,1205030,1143080,616961,380229,298334,867208,272802
M14,48,4800,,33.400390083,60.892857,15302.9928557,.13785,.294052,.333388,.225773,.144726,.72416,464733,39859.8,.144578,.17011,777.6559999999999,543.16803,100683,15708600,114095,114391,118951,155862,286673,1211300,151269,90992,96429.10000000001,146162,16370.8,1042.48,81002.7,2354.28,0,37873.3,1149990,19.3154,42812.1,3447470,2200800,186499,348650,755426,837719,344931,1047020,1503650,2565980,2037640,3090520,4628030,6035540,4948410,615173,1143830,1294530,709992,500423,371934,1057180,248299
M14,49,4900,,33.9740359502,60.227272,15306.0906738,.132541,.289389,.334628,.232753,.151912,.706485,463668,41039.2,.143274,.170578,807.936,552.95398,107752,14969100,122992,140917,119902,179332,382019,1264510,170592,109561,117118,133052,13359.6,10352,114990,18950.5,0,44702.1,1327820,0,38580.8,3350360,2081160,239824,412958,915502,808017,359077,1031320,1840610,3237860,2182130,3037120,5122140,6465860,5370090,644432,1142250,1407020,676477,546403,451627,1029270,264313
M14,50,5000,,33.5223258654,58.125,14839.9099609,.13139,.292267,.339735,.230687,.148325,.709833,454726,41067.4,.141911,.167701,796.769,490.88599,132043,14381500,124724,132965,120287,199133,487838,1254340,192474,108840,170950,111076,9272,19589.4,140199,37441.4,0,38591.5,1475870,0,28523.8,3221370,1813910,284814,473252,970467,686098,362522,965663,1984450,3376900,2110590,3068830,5299460,6312560,5444690,612094,1159670,1440230,553273,516156,562599,847446,273173
M14,51,5100,,32.9942281908,58.207546,15363.8249897,.133395,.291785,.342444,.227296,.139665,.719826,449357,40488,.143752,.168505,745.596,381.629,159220,13625000,127166,96558.89999999999,119962,222368,531985,1196150,218891,86877.7,188654,76686.10000000001,5362.53,20591.4,145442,46536.1,0,21777.2,1355130,323.249,21309.4,3044280,1535290,325190,510252,869129,519328,356562,867657,2061820,2962150,1893250,3041260,4930480,5412620,4723530,475936,1055990,1266220,448472,480081,758171,657599,268327
M14,52,5200,,32.8023180026,59.285713,16403.1645508,.132377,.291482,.341639,.230006,.145681,.699557,444085,39944.7,.147879,.187738,664.644,260.82999,151646,12400300,125628,76719.60000000001,120087,253335,494557,1110790,260510,61577,151795,52201.2,2755.24,12566.2,120264,41325.3,0,8715.059999999999,1087420,1274.91,17429.2,2892720,1315250,381736,517124,732214,368186,326143,902414,2495250,2515050,2007570,2946910,4775760,4875040,4142150,433019,1095400,991256,496242,608073,1124200,689432,302082
M14,53,5300,,32.0643248941,61.25,15817.2760959,.131331,.292583,.342285,.229099,.142055,.706327,438304,39733.1,.150175,.186479,576.174,174.21361,144358,11100500,143252,116103,120520,288022,470803,1023030,319890,36169.1,101589,30055.2,2141.59,2423.17,85401.60000000001,24860.5,0,8892.870000000001,919550,5508.16,30734.6,2797200,1015310,478018,539087,649874,296322,268629,1149930,3313570,2447640,2377530,2928510,5330840,5053660,4012350,589371,1280570,802938,601216,840240,1504790,916915,327219
M14,54,5400,,32.0381310252,66.785713,15066.5801295,.12362,.30109,.343082,.228267,.134828,.748672,436176,39838.1,.150598,.129352,505.939,153.0166,175632,10871100,158538,163897,119858,322511,508667,956263,382725,13761.6,86198.2,35396.4,2787.44,0,54680,6145.01,0,32279.5,871762,7644.8,51009.1,2681700,721988,621939,596680,601203,297361,232116,1454590,4099420,2740720,2615000,3117680,6106140,5411650,3988180,838201,1577640,813440,639976,1021130,1786590,1144900,335684
M14,55,5500,,32.7183401364,65,14265.3788086,.124027,.301,.345757,.22426,.150153,.7244390000000001,436755,38340.1,.147475,.161247,480.166,188.7377,218279,13582400,157953,177473,119653,356470,689097,928097,441264,18576,101111,70222.2,3774.51,7449.49,49636.6,0,2087.26,83876.10000000001,1001480,4565.35,65527.6,2787770,604733,837506,661482,589990,370395,286580,1897460,5036370,3506420,2720530,3460830,6681740,5992660,4037620,1067720,2028230,1075190,667057,1303270,2018700,1416520,353248
M14,56,5600,,33.4945435913,66.190475,12934.9872019,.120643,.321696,.3453,.211192,.166398,.746794,433303,37302.3,.151248,.179072,507.475,264.75919,252870,17652100,170473,154994,119094,390362,927004,941685,486385,57580.1,150776,90492.10000000001,5283.31,42254.6,63179.5,2354.06,19243.6,182349,1217390,370.461,60575.5,3037870,642257,1115000,720256,636552,473722,472565,2413600,5981240,4615260,2731250,3569900,6510450,6406120,3921800,1152740,2265670,1387200,636651,1542810,2079690,1706080,399664
M14,57,5700,Châtelet,35.3360082862,71.666664,11883.4870175,.120627,.32854,.334489,.218888,.120553,.815031,430161,37484.5,.137003,.138782,603.621,374.56299,254599,19696500,187679,140802,120496,427115,1105160,1029630,527995,110837,246042,102973,7699.09,83812.10000000001,69755.10000000001,15030.2,27166.1,264864,1546200,.0697512,50270,3349880,786038,1401520,788788,847181,668261,705478,3334690,7984900,6974250,3388750,3644420,6410940,7350200,4769440,1241910,2542010,1787640,671925,1910540,2434090,2231970,593151
M14,58,5800,,36.0259069167,60.833332,11446.8744032,.125712,.334921,.336709,.202675,.117367,.828665,433272,37901.9,.13192,.128487,745.917,489.47202,241164,19346800,204441,146489,127448,465872,1187980,1160340,567228,161806,347072,107982,10778.3,114378,72628,24281.7,16940.3,302419,1927340,0,55607.3,3567970,987981,1652410,907244,1140500,1273770,1161240,4665730,10781000,10995900,5324230,3965340,7148180,9436160,7910280,1470100,3078960,2548820,1029300,2400260,3096850,3159800,1076750
M14,59,5900,,35.9686163761,54.680851,11959.3827097,.133132,.333619,.335407,.198756,.126665,.823282,423331,37125.5,.130155,.146151,886.811,580.90802,211602,18645100,213160,158735,141422,507078,1149490,1296990,598310,213661,412611,123374,13884.2,126052,76931.89999999999,25320.5,3487.89,292094,2309080,0,77109.89999999999,3632740,1245340,1850680,1092440,1419500,2245190,1789420,6538270,14044700,16155500,8097200,4805600,9212370,12983500,12736900,1958560,3951310,3813020,1568700,2943510,4008550,4492820,1777910
M14,60,6000,,35.8619234545,55.434784,13680.8049805,.136732,.334966,.340349,.190681,.126928,.819066,423931,37126.4,.128209,.149198,953.104,615.54803,180364,18829600,195522,159548,157141,536076,921265,1388960,599079,287046,437606,147843,16205.9,112311,76967.60000000001,21672.1,0,230105,2587460,0,110530,3553720,1455330,2037820,1260100,1615330,3273570,2385670,8127410,16458200,20562600,10540800,5542850,11480100,16445500,17511600,2495190,4652440,5041300,2034130,3196050,4640070,5421050,2399280
M14,61,6100,,35.875343182,53.243244,13806.7873392,.138988,.342829,.343767,.179505,.127615,.840238,418807,37347.1,.126513,.127411,956.204,607.59998,160339,20064100,162551,146785,169883,544635,647143,1427830,572870,344500,422224,187662,17743.2,82639.39999999999,92345,13394.7,0,150078,2920190,0,148345,3377160,1513090,2165530,1457660,1710610,3897770,2700670,9184240,17325100,22169900,11992600,6197410,12939100,18388700,21136500,2935230,5044060,5753800,2351950,3356190,4875960,5683580,2719640
M14,62,6200,,35.7618493987,50.967743,13136.1320929,.139998,.346243,.342115,.177784,.1287,.844316,413548,37940.7,.124315,.117526,907.925,580.34601,174374,21317400,150236,132167,175168,516272,430908,1386880,512121,388037,373418,217734,17950.2,50698.4,135005,4223.15,0,94979.10000000001,3248220,2715.04,174368,3400750,1403630,2244550,1617940,1687550,3977700,2709010,9462070,16547600,20337100,12117900,6497520,12590000,17989100,22431200,3144730,5026650,5861830,2506320,3494340,4808250,5391020,2617100
M14,63,6300,,35.576208085,51.111111,14113.0491211,.140006,.346243,.337509,.177776,.1287,.844316,404726,38618.2,.124315,.117483,851.623,555.29199,202047,20525200,176472,144620,172722,458683,417649,1260940,429405,410833,350806,217243,17077.6,44902.4,174834,23.8631,0,117508,3479280,11678.6,166182,3553210,1205720,2273670,1722890,1560440,3516240,2522780,8733300,14510000,16422200,11150900,6124070,10528200,15984800,21175700,3049260,4488880,5437240,2490450,3417470,4529990,5250320,2387700
M14,64,6400,,35.3447898978,52.978722,13459.4980469,.147875,.339241,.331874,.177613,.134109,.832914,398412,39640.8,.123506,.121765,791.664,531.28198,199995,15433800,218999,185898,164479,384706,502433,1056730,337825,390932,357204,180606,14269.8,42209.5,199867,0,0,131203,3343870,11318.5,135501,3675010,963810,2278560,1748200,1419720,2700960,1987530,7434020,12341300,12475700,8864000,5386830,7939470,12863000,16828600,2767140,3458070,4410070,2062910,3063580,4060850,5033950,2084120
M14,65,6500,,35.2469135139,50.916668,12667.5696072,.148699,.335504,.328294,.17993,.130423,.835754,388541,40320,.122718,.123398,727.799,529.89203,158009,8638470,237524,207942,152817,314575,538188,830199,264341,306141,342109,111158,10360.2,32339.3,190371,0,0,108034,2721670,1879.22,94062.3,3527310,768968,2256340,1740720,1413790,2086810,1349700,6521140,11635800,11200900,6632810,4713950,6531010,10160400,11434700,2549290,2687630,3843190,1579450,3002290,3856170,5177630,2184240
M14,66,6600,,34.9358385545,48.555557,13764.8009766,.150172,.33762,.327632,.176743,.123198,.843655,383064,40991.9,.120472,.0962713,657.227,543.883,84295.7,3713870,200406,185913,145338,257107,533189,639204,225947,206261,296955,71025.8,6638.74,30059.3,149278,0,0,67310,1927640,98.4115,42438,3128080,658706,2194050,1647380,1472850,1984270,929884,6007960,11762000,11468300,5390220,4086400,6235600,8571230,7848020,2418440,2506460,3916760,1393020,3320190,3891260,5479540,2732030
M14,67,6700,,34.3419178926,49.807693,15974.1126645,.154489,.325258,.334404,.179758,.142654,.826373,378730,41710.4,.1196,.097639,625.627,574.90002,18297.1,1762790,144021,124885,147643,214485,603179,513735,220517,131170,344652,63873.2,3463.58,35930.5,112040,239.049,0,42436,1543740,11168,25377,2945350,644748,2099130,1584220,1580430,2100620,725641,6358020,13394500,13647200,6045820,3674910,6342010,8294270,7282480,2177050,2543090,4049920,1863050,3534060,3866190,5580230,3145100
M14,68,6800,,33.9778088095,54.117645,16735.4346191,.154979,.322548,.337648,.181572,.141805,.826035,369468,42115.2,.124162,.089644,670.551,627.95001,87.91719999999999,1390760,139593,79239.7,158779,184624,758748,464682,229511,96796.8,429890,78016.60000000001,1199.74,37603.1,101882,4439.35,0,42648.1,1806340,30897,47352.5,3184670,688566,1970840,1676570,1723590,2598810,772938,6928200,14818700,15825800,7598540,3544970,6588440,8655570,8588690,1923610,2665130,4079800,2621350,3372500,3654860,5283480,3154650
M14,69,6900,,34.4531442635,55.652172,14929.9420898,.155233,.320154,.339612,.183628,.139774,.829055,370997,42376.4,.124033,.0882433,793.598,715.72998,0,1418150,173738,91482.89999999999,176432,171215,914705,487192,250798,135073,480955,134155,93.88500000000001,26618.6,111955,10855.6,0,46291.9,2388820,48221,83369.8,3577700,805502,1805180,1781040,1924010,3371020,964517,6969400,15135400,17459400,9159920,3387580,6678360,9215260,10296500,1784270,2917880,4254770,3182560,2591320,3329180,4901720,2914330
M14,70,7000,,35.0210290298,51.111111,13168.6087068,.157701,.331327,.336972,.172518,.143353,.81599,369316,41672.3,.127832,.0750139,947.127,795.80603,0,1651380,209118,155853,196974,170841,982562,563897,280202,202137,494950,201253,0,10413,146013,13568.4,881.461,39990.4,2989930,76470.5,118294,3917560,974645,1616380,1865010,2088180,4067010,1135620,6427940,14398100,17750900,10051100,3176480,6457290,9445040,11267200,1739780,3131720,4420180,3304420,1634960,2884930,4470020,2526630
M14,71,7100,Pyramides,34.7536489557,52.166668,12290.7663446,.161969,.335953,.341469,.159324,.151989,.804998,369748,41817.9,.130633,.0777179,1067.37,835.63,0,2218760,221894,208457,216806,175444,950453,678982,308357,247203,504975,278706,0,321.249,175174,8408.709999999999,12112.6,33998.8,3312850,100098,154567,4056270,1109960,1417870,1818360,2093480,4323890,1177450,5553820,12744400,16659300,9971670,2853140,5904470,9059500,10876900,1663440,3188580,4404980,2948250,952048,2427350,3971560,2136300
M14,72,7200,,34.3132041469,52.450981,11959.4086426,.169821,.347392,.337909,.142178,.162127,.792991,368002,41120,.131101,.0788616,1094.97,791.61298,0,2776180,212729,224606,234159,175023,798409,820457,331403,221724,477130,491981,0,0,171123,460.133,29855.4,29188,3042220,106324,164793,3849330,1077340,1228410,1575390,1872920,3878940,1029230,4390140,9919680,14222800,8654010,2341140,4836380,7835420,8857560,1451240,2911170,4049750,2102550,746392,1999890,3326340,1816080
M14,73,7300,,34.5714133735,52.234043,12352.9371745,.173151,.343478,.33846,.141609,.153989,.803016,360308,41309.5,.130328,.0778968,1009.69,697.79498,413.972,3192330,193895,209528,245873,171837,624746,985150,351453,152546,460013,964189,0,0,152186,0,42979.1,43398.2,2467940,99666.39999999999,146708,3367450,942566,1033540,1427160,1705120,3520150,839469,3567180,8204630,13242400,7568650,1806430,3876380,6663840,6537340,1153590,2562950,3753180,1406310,724107,1782280,3262880,1593410
M14,74,7400,,34.4397208415,51.184212,13855.2608398,.17467,.336762,.340483,.14508,.163872,.793297,359859,41597.8,.132635,.0774681,848.721,581.58099,10682.1,3484250,168061,181894,247910,165266,474678,1183310,361601,99647.60000000001,500093,1438280,0,0,134736,0,44745.2,62178.4,1909220,91757.5,108123,2722420,713824,847459,1472540,1643460,3349940,750326,3094330,7381630,13067500,6826920,1390620,3150620,5658690,4635890,867374,2252500,3645960,1082330,774481,1664640,3609560,1468050
M14,75,7500,,33.9330114006,50.740742,14869.2983655,.173484,.333208,.341231,.149048,.165312,.78442,356290,42488.2,.132506,.0747164,690.3440000000001,475.00601,27483,3724090,119290,146430,243471,157618,353910,1389800,359859,80393.7,512655,1631040,0,0,114070,0,34872.2,65664.10000000001,1414490,71261.39999999999,70482.2,2108960,488062,694120,1450380,1475820,3162240,749510,2671900,6247570,11554200,5896980,1113290,2489610,4410190,3154880,679149,1953030,3435660,834384,770851,1464300,3777420,1243430
M14,76,7600,,34.126722972,52,14999.6656044,.173002,.333696,.340825,.148777,.159932,.789979,354354,42748.4,.134169,.0681696,595.829,383.702,39968.8,4189770,87918,111241,236264,154492,291956,1571190,356074,86244.39999999999,500306,1441250,207.471,0,102505,0,17853,54630.2,1110810,47374.3,49444.3,1817280,364094,597190,1404350,1347290,3194870,841040,2249120,4960360,9089680,5135990,1207460,2262350,3724670,2447860,667641,1875500,3090720,659076,671055,1207250,3606220,971396
M14,77,7700,,34.5391729724,53.333332,14232.9959961,.186017,.319742,.342599,.148952,.142461,.813259,352903,42887.8,.132441,.0855505,597.884,309.647,48070.6,5184540,79221.10000000001,80259.8,226061,154846,338972,1693850,359214,125992,503969,1033320,1113.5,0,111043,0,2966.04,40150.8,1240180,36363.1,41515.7,1941360,354953,563411,1372850,1205340,3381730,1229430,1883510,3732600,6868520,4635640,1577010,2431920,4109920,2599200,705296,1991430,2739770,699347,536377,873610,3126640,785796
M14,78,7800,,34.6021103563,53.400002,13350.1889106,.194315,.314782,.341637,.148133,.147133,.8102,354216,43083.9,.123812,.0950719,685.431,255.00099,53619.6,7141770,84710,65079.7,210804,155120,471758,1742180,368630,163625,512065,625467,2314.76,0,130148,0,0,23345,1590530,22008.7,45248.2,2333010,452948,554350,1250670,1117650,3816160,1779100,1605500,2768590,6649930,4621750,1872950,2728230,5583430,3413290,706517,2042390,2679440,927767,424291,597014,2664550,800554
M14,79,7900,Madeleine,34.7828059126,52.916668,14227.5114258,.199156,.316797,.333026,.150082,.129438,.831722,353037,43864,.114981,.0779671,803.3869999999999,217.05701,53446.3,9176380,101056,90096.39999999999,184631,152540,556219,1705800,371147,181851,530649,483090,3073.35,0,158190,0,0,11684,1861990,4015.91,37309.4,2870410,565189,607653,1093170,1175710,4476360,2177130,1466510,2471900,7927120,4601060,1881830,3059860,7225450,4065150,632385,1826220,2743460,1106490,369437,566921,2389040,908096
M14,80,8000,,34.7073620592,57.666668,14335.5390625,.203706,.311894,.33011,.153906,.118597,.847872,354918,44500.8,.110122,.075999,904.419,189.4724,57799.6,10054400,127954,118131,168508,149613,564128,1602210,393052,160511,558343,477278,3571.42,0,176566,0,0,21817.7,1915920,0,19992,3449740,592468,630382,966514,1241430,4981490,2286290,1663140,3536920,9881420,4840840,2058390,3716510,8462300,4568670,646795,1715100,2976040,1244210,499633,891193,2402580,1086100
M14,81,8100,,33.8049982709,55,12479.3814453,.212792,.306394,.331099,.148848,.122669,.844596,362120,45372,.106157,.0754564,973.598,159.0963,59780.7,9541800,133848,122818,161671,146323,543123,1460570,421983,104930,541852,377274,3952.07,0,161190,0,0,38126.7,1718690,0,9990.66,3780250,523142,569427,708427,1030290,4565760,2031890,1558290,3493580,9395150,4372560,1996520,3578510,7969260,4395550,620801,1437790,2781870,1215790,582324,912279,2023830,1089860
M14,82,8200,,32.9789837357,49.814816,12327.6342773,.216901,.30837,.328352,.145048,.117869,.859527,372939,44973.9,.105727,.076552,1003.83,128.41521,54273.2,8258500,136049,116567,160556,141704,523387,1286870,447662,69602.39999999999,496029,228402,4305.31,0,131616,0,0,69346.3,1446330,0,36343.5,3821470,431006,439595,455711,666659,3639610,1584330,1148060,2081830,6791140,3327380,1594410,2721950,6293560,3716160,532606,1041380,2367060,1041920,497705,542798,1402700,903569
M14,83,8300,,32.5081695713,51.375,13042.9280762,.218516,.307077,.32861,.144193,.115252,.870272,383601,45211.4,.10659,.0753196,991.514,101.6559,47836.7,7329000,152413,125409,164056,135566,524780,1113600,468283,73743.39999999999,428642,132440,5027.14,0,112983,0,0,96155.39999999999,1273210,414.385,83430.60000000001,3792960,403776,276400,309512,382955,2891350,1218480,772474,756721,4519090,2403070,1201670,2007330,5071530,3052370,409755,682897,2115810,836695,404337,198248,984946,699135
M14,84,8400,,31.9657389207,53.548386,12739.7247559,.218523,.307077,.328629,.144175,.115252,.870272,393073,45290.6,.10659,.0753327,934.8150000000001,82.5989,34932.9,6602760,184607,149448,171450,130540,527397,975162,479595,84888.3,356520,99325.5,6695.93,0,105218,0,0,103705,1182470,5587.26,112232,3751700,454423,167728,249676,291234,2651390,955670,727638,565573,3934680,2018930,1051420,1896510,4888570,2611210,362530,537729,2141650,656466,387612,129056,868146,580729
M14,85,8500,,31.8871379359,54.782608,11265.0054687,.216783,.309514,.329953,.143686,.117641,.86336,402393,45099.5,.106303,.0760802,834.466,71.429802,17732.3,5108560,206709,168135,181888,126905,497790,874448,481939,81121.2,308487,84887.3,9425.59,0,95088.60000000001,0,0,81327,1100730,8510.32,106108,3526070,505470,135035,200474,253454,2626980,763815,645018,491845,3707020,1784500,859236,1798910,4899560,2180130,309345,471054,2142600,481232,299937,88792.3,768361,462668
M14,86,8600,Saint-Lazare,33.1752222168,54.833332,10701.7054199,.213127,.314621,.33295,.142701,.122649,.848872,410733,44799,.105703,.0776231,738.0650000000001,63.981102,13662.3,3461360,215120,168404,191503,121983,436130,771052,473731,87130.10000000001,298544,57649.8,12301.3,0,95506.10000000001,0,0,46930.2,1032130,16276.7,83025.8,3160290,541095,137499,151874,222842,2442240,649663,506824,483314,3228980,1485450,646857,1626590,4453230,1724050,233616,425053,1911930,344518,177166,63626.7,625902,345380
M14,87,8700,,35.6033184038,51.666668,10607.0699327,.215266,.311151,.335177,.144876,.121396,.851607,418642,45197.1,.104456,.0730179,691.194,66.362099,23687.9,2234650,217205,181860,204463,121659,376705,699178,461060,101181,342103,23947.3,14945.8,0,112018,0,0,18358.6,1005390,31045.3,49780.9,2647050,537764,143042,93844.60000000001,213207,2338470,722161,323132,481445,2694120,1287200,404297,1320940,3691720,1510210,140851,334958,1548420,307027,59796.1,50743.2,462403,258257
M14,88,8800,,39.3089099396,52.903225,10362.9201275,.215651,.310438,.335783,.146387,.121484,.853718,426624,45155.6,.104168,.0707933,701.9349999999999,73.825798,36707.4,1496210,206929,208642,215646,128097,312638,648732,446011,111677,398530,5046.27,17938.5,0,134823,0,0,1758.24,999043,63332.9,25836.9,2062100,486213,140984,55014.4,235188,2347780,882585,170459,448700,2121190,1187140,211716,908496,2761280,1459010,73334.60000000001,236951,1122910,337558,14629.5,51825.7,309377,191479
M14,89,8900,,42.6827322991,52.692307,10507.3226563,.211211,.317134,.335034,.145505,.119668,.8577050000000001,434677,44799.6,.106851,.0704658,771.888,84.6418,43790.1,1286090,196369,229720,220750,145890,261626,593443,427237,125427,420973,8586.32,21575.6,0,164403,0,0,2076.68,998043,93466.39999999999,19637.9,1725380,408861,129716,32330.3,254650,2324700,994726,84857.8,384479,1556350,1133930,78701.8,518324,1849680,1412490,41157,154845,789867,355702,14296.8,54513.7,185886,151380
M14,90,9000,,44.9718357715,50.555557,10988.6514186,.20818,.320643,.33211,.147437,.114289,.860502,436672,44632.6,.107505,.0679947,897.476,97.936501,40626.3,1259610,196321,255913,219025,178901,287244,524125,404255,143320,385672,24037.2,24981.9,0,175531,0,0,23028.6,1035860,105854,34718.3,1751110,351384,110266,23006.1,243974,2179340,989191,55705.7,319370,1088150,1116300,25374.4,287677,1303930,1413250,30977.8,100252,608318,347885,11453.1,48931.6,134259,129284
M14,91,9100,,46.3408258783,51.916668,11180.1396973,.203507,.324064,.328959,.147679,.0919761,.881531,433411,44413.8,.109911,.0715578,1061.6,108.7112,34976.2,1469240,187721,277883,210721,219876,351524,447331,380708,151821,316166,41704.7,27505.7,0,172615,0,0,59061.3,1109350,102848,57001,1965800,366107,86395.89999999999,6008.65,203340,1853450,931760,40803,253407,731447,1165650,15007.6,158698,1003920,1449280,23245.6,67913.2,465867,334399,7750.81,38013.2,122825,128445
M14,92,9200,,48.7138525189,52.325581,11279.5878392,.194542,.33377,.325705,.148106,.0898306,.883389,434482,44330.6,.110576,.0476927,1217.32,108.966,39530.1,2872910,172728,277885,197744,259633,418744,378606,359198,155657,276993,60432.6,28548,0,164587,0,0,96402.60000000001,1250390,102050,88569.89999999999,2263850,523230,63868.3,9768.16,155566,1510070,921514,37296,246114,608166,1340550,29617.8,137324,922030,1602030,18620.8,73046.2,399603,375249,5241.98,41122.7,155694,165910
M14,93,9300,,51.8459167323,50.612244,11371.9538845,.190441,.341193,.319146,.146052,.085663,.898172,434054,43530.4,.114117,.0373512,1318.19,101.5732,64303.6,5771950,160100,267072,185803,284170,452220,346336,344756,183365,332899,81936.89999999999,27527.3,0,161539,0,0,124347,1537610,92110.60000000001,124976,2596690,756452,47364.9,44196.1,146453,1165140,988417,25022.6,222064,621647,1653280,85650,157501,825524,1887200,22734.7,112798,398804,493586,6709.54,61066.8,219197,191027
M14,94,9400,,54.0152022825,51.80851,10951.4177734,.190391,.34374,.315602,.145688,.0903335,.892029,426618,43081.4,.110403,.0328409,1360.38,94.403,90826.60000000001,9325350,154107,266702,180261,284679,415261,357598,340969,264526,421809,110763,25196.7,1480.14,172594,0,329.421,120712,1904830,56008,146868,2923150,854916,36908.7,81921.3,213410,960851,1122250,23748.7,186964,743527,2006780,224651,243488,797493,2336950,44369.5,179819,485393,671469,16403,79435.10000000001,295321,195275
M14,95,9500,,54.4998620605,55.138889,11333.5081543,.182178,.359848,.312862,.14463,.0870887,.892428,425343,42224.3,.111754,.0186603,1372.65,89.757301,86170.8,11446900,136507,248415,179631,271308,286805,395654,335738,335905,443388,139717,22341.5,15168.8,161881,0,12822.4,80424.89999999999,2049340,11622.2,140098,3094430,749293,28393.4,82547.8,230466,697495,1116980,54608.2,178673,798927,2093790,332644,355476,805816,2774810,65996.39999999999,211151,540436,750885,41537.3,70810.39999999999,327937,167041
M14,96,9600,,54.1390006659,55.44643,11977.2611816,.183881,.364322,.308104,.145316,.0779966,.898652,420155,41884.1,.110286,.0171468,1371.86,86.1007,53817.1,11975400,135773,211244,181060,251328,218339,439558,315130,344820,387986,144574,19998.3,28973.8,148676,0,30490.5,55130.8,1918290,14491.6,118868,3100810,572550,18936.2,39616.5,159795,425016,874966,59481.4,165795,678678,1845420,311341,363439,753248,2932710,56615.6,174924,468551,686317,46509,34008.5,279352,150756
M14,97,9700,,53.6239834023,56.203705,11651.0796387,.183144,.368609,.30385,.145678,.0743363,.89822,417869,41682.1,.107193,.0200819,1404.19,88.812996,19692.1,11487100,149793,171188,184332,234218,288148,492051,291353,350463,325395,132701,18293.6,34330.3,154838,0,40806,88966.7,1723660,41036.9,79317.39999999999,3081690,534156,7336.09,16816.2,88213.39999999999,305654,576006,41280,138372,524043,1624440,223612,336508,712742,3185500,23049.7,128374,334762,636227,28503.3,19415.9,196066,154509
M14,98,9800,,52.5442146839,60.96154,11050.5333755,.17398,.389054,.293298,.142045,.0676107,.886877,410103,40650.9,.10739,.0212424,1475.23,96.090004,2351.84,10042900,149758,137226,187807,221248,354779,541220,276199,392810,261548,124686,16234.5,30195.3,162046,0,39802.3,174058,1585880,55600.2,52785.1,3064350,585561,767.087,13515,59836.6,268070,519794,18123.8,125572,388949,1701570,127514,310941,689026,3944530,5192.01,112663,273474,722034,7673.88,28165,138621,170191
M14,99,9900,,50.1926508104,63.142857,11454.3594778,.172507,.393649,.280223,.140875,.0645645,.8869,406317,40141.2,.106451,.0208345,1557.98,99.257904,650.203,7877520,130802,135702,189122,207803,388549,577352,270889,445400,224994,137615,14981.1,18898.8,176685,0,28848.7,260750,1495190,51427.8,47754.8,3040450,719398,0,7618.44,50997.6,225333,558878,12160.5,120121,276018,2084570,56237.1,260349,622609,4872760,3446.95,96897.10000000001,260251,866533,240.332,32645,93472.5,178112
M14,100,10000,,48.0655020408,64.125,11407.6215563,.168003,.400879,.272101,.14268,.0612298,.876293,403785,39829.3,.104951,.0200914,1627.58,93.5439,11792,6792960,111149,153711,186426,191465,404667,592226,269701,481649,206951,161693,14275.6,6156.16,181784,0,13388.3,313173,1433400,50541.1,47489.1,3008770,942021,.360365,1277.59,39935.6,189786,576453,17925.4,122432,185874,2528980,43831.8,197268,518854,5623570,811.248,59646,205593,966483,0,27659.6,55061.3,184608
M14,101,10100,,46.4095797051,65.348839,11371.2348145,.164565,.409442,.271382,.13834,.0585455,.877363,398268,39265.3,.107349,.0267477,1640.96,82.512703,33893.1,8913630,97491.3,169094,178675,173756,398125,585135,264168,479891,187169,179741,13840.1,10.9333,167696,0,1716.88,313151,1424760,70177.8,66109.5,2954720,1124340,4.08899,0,39470.8,178078,538422,19070.4,114898,128564,2738680,55160.3,158016,473210,5990570,0,28757.2,141623,938880,0,27507.4,42205.1,175434
M14,102,10200,,45.4379351753,63.839287,11574.4367187,.162544,.416042,.273652,.138737,.0710426,.854234,389916,38668.1,.105993,.0334393,1554.24,70.603798,71439.7,14094100,108838,163878,165106,157225,374330,557331,251181,440940,149959,166182,13571.6,0,138497,0,0,266331,1431900,97791.3,104414,2912860,1213200,48.1982,0,59550.9,201702,639917,14573.3,92932.3,144897,2608800,66133.60000000001,194921,725724,6052460,0,26304.7,117948,830090,0,47278.2,24785.2,189290
M14,103,10300,,44.5235502556,63.085106,11689.8760517,.159981,.426593,.275875,.134518,.0750954,.853645,382659,37884.8,.107512,.0372633,1366.47,57.302341,111921,20971800,124615,153198,146230,141432,344333,511357,234052,384519,111560,121904,13509.8,0,124617,0,0,200257,1419910,112794,143082,2809790,1220130,1974.92,0,93846.89999999999,233569,814045,7128.18,64133.6,191681,2205770,74025.3,266395,1121450,5655960,0,47316.4,145536,671692,0,80943.39999999999,6893.47,222085
M14,104,10400,,42.7082941233,58.625,11161.5520833,.161399,.420354,.280235,.13884,.0669908,.834413,380977,37559.8,.111148,.0546327,1105.11,41.859692,135799,27814600,124709,142951,124140,126131,285434,449280,214941,330570,83556.39999999999,65375.9,13267,0,106254,0,0,149159,1282490,108111,164225,2549920,1113490,7973.37,46.1964,120905,238253,943087,997.283,38171.1,225507,1669290,76644.89999999999,326985,1426700,4876310,0,68828.89999999999,175322,507543,0,105610,368.162,248465
M14,105,10500,,39.5722902474,57.209301,11001.8011475,.168004,.399025,.286331,.14593,.0670056,.770636,374563,36665.6,.113665,.0985011,832.653,26.80427,132731,32328800,111171,122135,100617,111450,195106,375669,194795,256934,69734.60000000001,25450.4,12366.7,0,83849.8,0,0,96306.2,1038180,98198.5,161051,2126740,934983,18043.5,0,125596,208564,978082,0,23366.6,235437,1163030,67368.60000000001,343305,1505240,4003430,0,77062.10000000001,181219,405257,0,110630,0,250004
M14,106,10600,Pont Cardinet,38.1059081172,58.75,11525.7411024,.181461,.381087,.289315,.140065,.139626,.6939920000000001,367096,34552.5,.125185,.180137,598.213,14.54769,107259,33594500,88821.39999999999,97782.2,78771.39999999999,96832.60000000001,101375,297024,175298,178762,68609.89999999999,6184.96,10932.9,0,73406.39999999999,0,0,48261.3,832253,88936.7,146362,1619680,796959,32653.6,0,108526,159030,860018,0,14879.5,214459,726009,50428.2,300473,1307680,2924970,0,70661.5,159251,306601,0,94516.89999999999,0,212752
M14,107,10700,,37.3617011325,55,12002.3245634,.183722,.377222,.288551,.14091,.156647,.660542,359187,33398.4,.128044,.19516,456.897,6.9228258,74498.8,33899900,69697,95756.2,62110.4,86170.60000000001,44115.2,229537,160301,117625,80315.7,135.099,9420.950000000001,0,78825.60000000001,0,0,23727.8,702650,96766.39999999999,131666,1256220,734485,52222.4,0,85344.89999999999,117242,668484,0,7989.84,170542,448180,34841.2,233317,994078,1929970,0,56753,122386,216293,0,70483.39999999999,0,157609
M14,108,10800,,37.8272068905,56.666668,11598.9603056,.188699,.369309,.292582,.137219,.191887,.615425,355809,32315,.131574,.225839,457.72,2.43664,50727.5,34371400,68508.8,122975,50856.3,82406.3,20642.5,181925,150212,87638,111940,0,8511.92,0,88091.3,0,0,9742.33,686768,104227,122684,1281820,683283,75791.8,0,62126.8,83050.39999999999,478896,0,3761.21,124097,291851,22477.5,167179,688342,1312700,0,41377.4,86121.7,150269,0,48421.7,0,107625
M14,109,10900,,37.438493607,51.590908,10739.946921,.209026,.348563,.29983,.126225,.312325,.46637,352772,29514.6,.146771,.351144,509.434,.82333797,37141.4,32710300,80681.2,160418,42576.2,78544.39999999999,16634.7,137393,140232,78645.39999999999,138998,0,8249.6,0,95063.8,0,0,1002.41,684750,100368,106239,1538310,630269,100717,0,32517.1,43368.1,247006,0,483.711,65176.9,149605,10860.8,86782.60000000001,351037,788287,0,21730.2,43587,79084.60000000001,0,24912.9,0,54670.5
M14,110,11000,,35.4959206706,58.372093,9958.05865119,.209257,.34377,.303411,.12952,.316386,.456352,343710,28671.7,.147744,.342424,506.206,1.2050201,34680.5,29735600,90798.39999999999,187702,36164.4,70239.60000000001,22118.5,89559.2,130583,76321.60000000001,140943,0,8191.29,0,90286.8,0,0,0,657196,86891.7,84911.7,1782560,566693,132988,0,5373.21,7486.86,42097,0,0,11336,28965.3,1745.37,14831.5,61106.8,266527,0,3777.22,7176.46,14378.9,0,5331.62,0,9942.42
M14,111,11100,,33.8362379357,58.363636,9489.8884421,.212953,.333916,.306765,.133786,.323739,.418504,337857,28077.2,.147942,.354216,416.545,1.39298,42321,28414500,93226.3,199717,31952.5,56145.8,30397.5,44244.9,122252,74160.5,116812,0,7705.98,0,72134,0,0,0,551407,67626.10000000001,71708,1829630,502431,181630,0,,,0,0,0,0,54.0846,0,0,0,29627,0,0,0,0,0,3.38083,0,0
M14,112,11200,,32.6555997293,57.35294,9255.696923830001,.225922,.320719,.305136,.127882,.346685,.376929,331333,26600.9,.175704,.440309,286.264,1.67847,44159.4,28971700,90887.5,185327,31005.9,40011.9,37689,16456.1,116261,55101.2,76530.8,0,6973.71,0,47488.5,0,0,0,388448,43669.6,51424.6,1721930,410335,246426,0,,,0,0,0,0,0,0,0,0,0,0,0,0,0,0,0,0,0
M14,113,11300,Porte de Clichy,32.1604106342,57.083332,9481.059179690001,.237936,.304338,.305331,.13092,.342086,.35071,331041,25597.2,.179436,.514881,200.598,2.2390928,32859.7,26476600,93701.8,151284,31462.8,27537.1,45172.5,4229.47,112035,29364.7,49014.4,0,6988.57,0,25906.4,0,0,0,293629,22943.6,30548.1,1711780,287848,311048,0,,,0,0,0,0,0,0,0,0,0,0,0,0,0,0,0,0,0
M14,114,11400,,31.9057010134,60.882355,9581.489103620001,.243408,.297318,.307703,.129888,.35936,.331173,325145,25046.9,.183937,.539117,186.509,11.28914,15396.5,18162800,82096.2,121508,34215.6,24556.7,72889,956.914,111279,20970.7,59707.2,0,8967.25,0,26134.8,0,0,0,268869,6047.68,20670.4,1697030,198382,355268,0,,,,0,0,0,0,0,0,0,0,0,0,0,0,0,0,0,0
M14,115,11500,,32.1325672583,62.692307,9713.07143555,.243616,.292588,.307992,.134667,.360391,.302629,317626,24418.5,.184343,.564869,240.971,45.374359,2508.63,8741410,73456.60000000001,115819,41153.8,29379.9,131552,2997.13,113457,53587.2,82094.8,0,12634.7,0,47200.5,0,0,1929.14,277437,8.514709999999999,40973.2,1686540,199757,372456,0,,,,0,0,0,0,0,0,0,0,0,0,0,0,0,0,0,0
M14,116,11600,,31.4563125302,61.741573,9627.07431641,.243848,.2913,.30717,.136956,.363761,.280127,311985,23970.2,.185281,.5946900000000001,338.157,89.071327,0,3617540,74185.3,123613,51325.8,38328.3,190803,6899.81,116653,97465.60000000001,104067,0,17369.5,0,66348.3,0,0,11916.9,347920,0,74579.2,1689590,263407,366406,,,,,0,0,0,0,0,0,0,0,0,0,0,,0,0,0,0
M14,117,11700,,31.0652109571,58.174603,9411.03772615,.241999,.293414,.306791,.136885,.364176,.277474,303943,23869.9,.184323,.587139,443.667,105.50442,0,1784090,74053.8,109882,61684.6,49639.8,221207,11696.7,122281,122698,111796,0,22846.9,0,70294.60000000001,0,0,18095.7,419971,100.799,84947.2,1713220,329648,341860,,,,,0,0,0,0,,0,0,0,0,0,,,,0,0,0
M14,118,11800,,31.0631135757,59.263157,9169.648334699999,.243909,.292848,.308932,.133822,.398437,.26179,299979,23555.2,.186854,.594263,529.619,70.389175,0,1232130,64437.6,87520.2,67291.10000000001,60267.1,201667,12874.5,128786,112835,95768.39999999999,0,27736.2,0,54088.5,0,0,12790.3,405369,6539.17,68676.7,1713550,348427,305493,,,,,,,,,,,,0,,,,,,,,
M14,119,11900,,31.7447676312,55.299999,9111.778759770001,.24425,.298379,.308415,.127639,.405396,.284898,292628,23595.1,.187951,.5674400000000001,600.29,16.211781,0,1777710,49027.8,85364.8,63417.8,65438.8,138189,7506.65,131684,89204.60000000001,67475.39999999999,0,30146.3,0,32254.3,0,0,4439.18,290988,35350.5,44813.2,1674280,340535,261096,,,,,,,,,,,,0,,,,,,,,
M14,120,12000,,32.3231207065,51.099998,9107.990799749999,.233464,.318164,.307111,.12082,.419589,.331713,291080,23493,.187307,.475568,668.672,8.5083799,0,3450490,34049.9,134573,52607.8,65511.2,85304.39999999999,1245.91,133601,131907,72589.7,0,29411.9,0,47872.3,0,0,24626,308781,64500.1,35785.1,1839700,325773,211376,,,,,,,,,,,,0,,,,,,,,
M14,121,12100,,32.3503620352,54.734043,9196.96679688,.230339,.322268,.305564,.122691,.428799,.356932,291145,23644.3,.183822,.432294,711.42,11.933701,0,5350130,27823.4,180123,42992.5,64277.6,61128.2,1142.33,134546,190596,92150.60000000001,0,26858.1,0,78081,0,0,49326.5,531914,69158,49856.6,2162510,307614,151628,,,,,,,,,,,,0,,,,,,,,
M14,122,12200,,32.3098897306,57.629311,9416.018098959999,.209924,.348563,.306323,.125359,.353038,.460064,284622,23928.8,.160106,.328461,707.542,15.79234,0,6356730,36371.1,186533,37673.8,65919.7,58416.7,3466.81,132676,188525,97685.8,0,23743.6,0,94327.3,0,0,57165.6,803007,48097.9,75480.7,2311840,260475,86948,,,,,,,,,,,,0,,,,,,,,
M14,123,12300,,32.4092214521,58.893806,9418.495507809999,.206569,.356358,.304886,.126743,.309907,.491144,283421,23971.3,.159233,.284571,647.398,18.57802,0,6069300,45335.4,138336,34011.6,68170.8,49789.1,6306.42,128915,132748,75078.60000000001,0,21699,0,91894.3,0,0,45867.9,907223,17468.9,90712.39999999999,2219780,176121,31625.8,,,,,,,,,,,,0,,,,,,,,
M14,124,12400,,32.1538373945,56.984127,9338.046549479999,.195269,.36575,.300104,.136123,.21333,.5701310000000001,276095,24265.6,.156315,.224295,549.843,19.307831,,5078720,61508.9,74854.2,29512.7,67204.39999999999,28571.5,8712.559999999999,123759,80543.10000000001,38427.5,0,21627.6,0,77608.3,102.736,0,26703.9,790391,537.644,89896.8,1938470,116235,3860.79,,,,,,,,,,,,0,,,,,,,,
M14,125,12500,,32.203088324,58.61842,,.193984,.351845,.304018,.145421,.197429,.575718,268202,23931.2,.159922,.249668,435.188,17.66433,,3142620,76862,33587.7,24487.8,63171.9,9186.540000000001,10290.2,117300,72410,11548.7,0,23770.8,0,79139.39999999999,6000.08,0,11028.3,586102,.598554,78259.8,1615840,97412.10000000001,46.9063,,,,,,,,,,,,0,,,,,,,,
M14,126,12600,,31.9218937024,58.973213,,.195009,.345845,.310696,.144851,.200887,.575829,258854,23580.7,.165494,.246436,325.591,14.759509,,1569170,78154.5,13623.9,18795.1,57208.8,165.804,11184.8,109601,85132.60000000001,338.592,0,26876.4,0,95295.60000000001,12312.6,0,858.648,396680,0,50181.3,1405190,84891.60000000001,0,,,,,,,,,,,,0,,,,,,,,
M14,127,12700,,31.856842686,60.873016,,.199525,.343267,.311485,.142179,.205388,.5367729999999999,251826,23296.1,.168607,.252334,260.912,33.225956,,595240,72250.10000000001,28959.8,12592.7,49544,0,11568.2,99427.89999999999,81119.5,0,0,29750.1,0,104408,10886.6,0,0,273647,2.70475,18135.4,1339740,71630.89999999999,0,,,,,,,,,,,,,,,,,,,,
M14,128,12800,,31.5699965512,60.892857,,.202919,.333515,.312757,.145685,.207613,.494593,238358,23023.6,.171533,.27923,268.824,78.858376,,148768,62199,62064.5,6738.21,40730,4622.23,11404.8,87965.3,57463.9,900.301,0,32515.2,0,96598.8,3916.25,0,0,220430,0,1727.04,1382150,58197.8,3.25115,,,,,,,,,,,,,,,,,,,,
M14,129,12900,Saint-Ouen,31.326394619,57.857143,,.216929,.331667,.317083,.128652,.258343,.482564,227950,22673.3,.180937,.283384,339.224,131.44734,,26788.7,54730,85974.8,2440.58,32130.5,17560.2,10496.1,76805.39999999999,25158,13263.2,0,35011.8,0,71446.8,0,0,0,193106,0,0,1462060,55530,1143.33,,,,,,,,,,,,,,,,,,,,
M14,130,13000,,31.219432386,56.590908,,.225478,.327298,.318582,.121585,.275162,.466176,219177,21914.2,.201873,.334262,407.53,170.05313,,935.813,43950.1,89639.89999999999,1425.66,25078.8,38364.7,9123.860000000001,68547.60000000001,3962.18,31310.4,0,37261.8,0,37102.3,0,0,0,167113,624.804,0,1493340,64278.1,5440.32,,,,,,,,,,,,,,,,,,,,
M14,131,13100,,31.1374965148,56.654411,,.228722,.324307,.319747,.118799,.290136,.442973,202290,21223.5,.212567,.379463,436.583,175.31964,,0,32362.3,69906,7194,20692.9,57066.1,8720.459999999999,63179,1600.29,44192.1,0,38103.9,0,5924.05,0,0,0,133938,2650.98,0,1414840,64685.6,13793,,,,,,,,,,,,,,,,,,,,
M14,132,13200,,31.3356719638,59.056602,,.230949,.321032,.319324,.118684,.27371,.448951,187541,21170.8,.219237,.404867,414.339,144.7151,,0,15006.4,36484.5,18541.3,21704.2,66102.89999999999,9167.559999999999,61486.7,8513.459999999999,45932.4,0,37416.6,0,1476.02,0,0,0,130536,4557.54,0,1242460,51359.8,28391.7,,,,,,,,,,,,,,,,,,,,
M14,133,13300,,31.266644894,59.21875,,.231455,.320289,.316213,.118662,.269979,.450309,177635,21085.6,.220752,.410629,350.621,107.54863,,0,1398.71,9382.879999999999,33972.4,26879.5,61934.8,10069.9,67152.60000000001,14995.1,35374.1,0,35791.3,0,5471.57,0,0,0,116541,5584.38,0,979324,33828.5,46373.8,,,,,,,,,,,,,,,,,,,,
M14,134,13400,,31.3129504714,59.82143,,.22735,.320193,.314553,.120723,.264252,.454393,165534,20788.7,.222607,.393672,274.448,95.2341,,0,0,3534.63,53078.4,35911.3,44446.4,11214.2,80330,17419.6,17842.6,0,32362,0,6584.24,0,0,0,91115.8,4606.08,0,738821,18122.2,63710.6,,,,,,,,,,,,,,,,,,,,
M14,135,13500,,31.4160502949,59.259258,,.225758,.320314,.313256,.121364,.262578,.456224,152649,20656.2,.223241,.385593,217.785,113.531,,0,152.897,3121.39,72773.39999999999,46520.1,22501.9,12607.3,96482.60000000001,12265.1,2657.78,0,27296.7,0,3729.41,0,0,0,75833.2,983.105,436.92,615186,3830,76762.10000000001,,,,,,,,,,,,,,,,,,,,
M14,136,13600,,31.3299551398,58.367348,,.231544,.324634,.312519,.114801,.276925,.460684,148283,20624.9,.219074,.376517,204.029,143.53101,,0,1229.5,5923.41,90025.8,56462.9,5589.03,13723.1,112571,18044.7,4569.77,0,21250.1,0,8134.53,0,0,0,86672.8,0,2110.25,606312,3258.21,83111.7,,,,,,,,,,,,,,,,,,,,
M14,137,13700,,31.4416344715,57.849461,,.231539,.324634,.317126,.114862,.276925,.460684,144409,20572,.219074,.376538,228.792,155.017,,0,1165.43,20720.3,102714,65082.4,11441.8,14661.3,127383,65395.3,17682.8,0,15297.3,0,29796.3,0,0,0,144887,0,2530.15,711619,6870.94,81775.8,,,,,,,,,,,,,,,,,,,,
M14,138,13800,,32.1307737135,57.55814,,.229943,.323332,.322562,.117161,.260403,.464347,136736,20491.6,.222037,.379102,258.735,143.668,,0,8274.51,45092.9,109224,71732,18860,15252.5,140631,127101,28467.4,0,10769.6,0,56180.6,0,0,0,223055,848.655,666.716,997940,18980.6,73028,,,,,,,,,,,,,,,,,,,,
M14,139,13900,,33.1414768556,58.916668,,.224887,.319197,.327707,.124317,.20796,.475977,129199,20341.8,.231443,.387204,270.761,113.064,,0,25610.7,79397,108927,74780.8,21676.6,15195.6,148803,162091,30688.2,0,7742.88,0,79588,0,0,0,267978,20667.2,2520.41,1384560,35734.5,58845.6,,,,,,,,,,,,,,,,,,,,
M14,140,14000,,34.3552888197,63.75,,.235654,.309988,.326343,.124597,.197844,.441034,123146,20138.6,.238996,.431908,265.047,79.507797,,0,40600.8,109205,101587,72975.5,18956.5,14281.2,147480,162260,22548.7,0,5876.79,0,87492.39999999999,0,0,0,276379,50468.7,16070.2,1720660,46015.1,43923.8,,,,,,,,,,,,,,,,,,,,
M14,141,14100,,35.6105136286,61.811596,,.235653,.309988,.326627,.124607,.197844,.441034,113782,20054.4,.238996,.431959,278.578,73.935799,,,45563.3,129211,89583.2,68676.10000000001,11822.9,13111.9,139094,137312,9740.700000000001,0,4595.76,0,83260.89999999999,0,0,0,274263,74132.60000000001,30976,1887230,47447.8,28194.9,,,,,,,,,,,,,,,,,,,,
M14,142,14200,,36.5023318722,61.386139,,.237572,.320874,.322943,.12133,.225759,.420661,100862,20047.9,.240506,.425122,317.514,103.346,,,37967,151287,74828.39999999999,63930.6,8687.91,12193.2,125229,95993.8,781.14,0,3411.4,0,70051.8,0,0,0,275836,88742,40092.6,1848000,49377.4,13897,,,,,,,,,,,,,,,,,,,,
M14,143,14300,Mairie de Saint-Ouen,36.7161030982,59.432625,,.240485,.31967,.324221,.119992,.235695,.415789,97656.5,20050,.238138,.429713,335.762,116.501,,,33333.1,157533,69259.60000000001,62170.4,12420.1,12032.9,119432,82421.39999999999,.139207,0,2938.77,0,63170,0,0,0,275508,90585.3,40913.7,1777830,50106.9,9767.530000000001,,,,,,,,,,,,,,,,,,,,
